name,latitude,longitude,wikipedia_link,category,rating,entrance_fee_lkr,time_required_hours,description,district,province
Pinnawala Open Zoo,7.30056,80.3883,https://en.wikipedia.org/wiki/Pinnawala_Open_Zoo,Top Tourist Attraction,4.6,RS. 1800,08.00 am - 05.00 pm,"Pinnawala Open Zoo is a zoological garden in Pinnawala, Sri Lanka, which is situated closer to the Pinnawala Elephant Orphanage. The zoo was opened for public on 17 April 2015. This is the first open-air zoo in Sri Lanka and second zoo in Sri Lanka after Dehiwala zoo. The zoo was opened for the visitors free of charge from 17 – 30 of April 2015.",Kegalle,Sabaragamuwa
Pinnawala Elephant Orphanage,7.30055556,80.38833333,https://en.wikipedia.org/wiki/Pinnawala_Elephant_Orphanage,Top Tourist Attraction,5.1,RS. 2300,08.00 am - 05.00 pm,"Pinnawala Elephant Orphanage, is a captive breeding and conservation institute for wild Asian elephants located at Pinnawala village, 13 km (8.1 mi) northeast of Kegalle town in Sabaragamuwa Province of Sri Lanka. Pinnawala has the largest herd of captive elephants in the world. In 2023, there were 71 elephants, including 30 males and 41 females from 3 generations, living in Pinnawala.",Kegalle,Sabaragamuwa
National Zoological Gardens of Sri Lanka,6.85680556,79.87288889,https://en.wikipedia.org/wiki/National_Zoological_Gardens_of_Sri_Lanka,Top Tourist Attraction,3.6,RS. 2000,08.00 am - 05.00 pm,"National Zoological Gardens of Sri Lanka is a zoological garden in Dehiwala, Sri Lanka, founded in 1936. It is home to various birds, mammals, reptiles, fish and amphibians. The zoo not only exhibits animals from Sri Lanka, but also from across Asia and other parts of the globe.",Colombo,Western
Ridiyagama Safari Park,6.24361111,80.97944444,https://en.wikipedia.org/wiki/Ridiyagama_Safari_Park,Top Tourist Attraction,3.5,RS.1800 ,08.00 am - 05.00 pm,"Ridiyagama Safari Park is 500-acre (200 ha) safari park, zoo in Ridiyagama area of Hambantota District, Sri Lanka. The park was opened to the public on 28 May 2016.",Hambantota,Southern
Pidurutalagala,7.000833333,80.77388889,https://en.wikipedia.org/wiki/Pidurutalagala,Top Tourist Attraction,3.8,RS. 800,08.00 am - 05.00 pm,"Pidurutalagala, or previously Mount Pedro in English, is the highest mountain in Sri Lanka, at 2,524 m (8,281 ft). It is situated North-North-East from the town of Nuwara Eliya and is easily visible from most areas of the Central Province.",Nuwara Eliya,Central
National Museum of Natural History,6.911194444,79.86108333,"https://en.wikipedia.org/wiki/National_Museum_of_Natural_History,_Colombo",Top Tourist Attraction,4.9,RS. 500,08.00 am - 05.00 pm,"The National Museum of Natural History is a museum that covers the natural heritage of Sri Lanka. The museum is located closer to the National Museum of Colombo. It was established on September 23, 1986 and became only one museum in Sri Lanka that represents natural history and natural heritage.",Colombo,Western
Kurundu Oya Waterfall,7.078527778,80.84994444,https://en.wikipedia.org/wiki/Kurundu_Oya_Falls,Top Tourist Attraction,2.4,RS. 00,08.00 am - 05.00 pm,"Kurundu Oya Falls also known as Maturata Ella, is a waterfall located near the town of Walapane in the Nuwara Eliya District of Sri Lanka. The fall has a height of 189 m (620 ft), making it one of the tallest waterfalls in the country. It is the second-highest waterfall in Sri Lanka.",Nuwara Eliya,Central
Temple of the Tooth,7.293611111,80.64138889,https://en.wikipedia.org/wiki/Temple_of_the_Tooth,Top Tourist Attraction,5.2,RS. 00,08.00 am - 05.00 pm,"Sri Dalada Maligawa, commonly known in English as the Temple of the Sacred Tooth Relic, is a Buddhist temple in Kandy, Sri Lanka. It is located in the Royal Palace Complex of the former Kingdom of Kandy, which houses the relic of the tooth of the Buddha. Since ancient times, the relic has played an important role in local politics because it is believed that whoever holds the relic holds the governance of the country. The relic was historically held by Sinhalese kings. The Temple of the Tooth is a World Heritage Site mainly due to the temple and the relic.",Kandy,Central
Udawalawe National Park,6.438344444,80.88845556,https://en.wikipedia.org/wiki/Udawalawe_National_Park,Top Tourist Attraction,4.8,RS. 2300,08.00 am - 05.00 pm,"Udawalawe National Park is a national park on the boundary of Sabaragamuwa and Uva Provinces in Sri Lanka. The park was created to provide a sanctuary for wild animals displaced by the construction of the Udawalawe Reservoir on the Walawe River, as well as to protect the catchment of the reservoir. The reserve covers 30,821 hectares (119.00 mi2) of land area and was established on 30 June 1972.",Ratnapura,Sabaragamuwa
Pettah Floating Market,6.93277778,79.85555556,https://en.wikipedia.org/wiki/Pettah_Floating_Market,Top Tourist Attraction,2.3,RS. 00,08.00 am - 05.00 pm,"The Pettah Floating Markets are located on Bastian Mawatha in Pettah, a neighborhood in Colombo, Sri Lanka, and consist of 92 trade stalls, with a number of the stalls established on boats on Beira Lake. The floating market serves as a tourist attraction selling local produce and local handicraft.",Colombo,Western
"General Post Office, Colombo",6.935944444,79.84341667,"https://en.wikipedia.org/wiki/Former_General_Post_Office,_Colombo",Top Tourist Attraction,1.2,RS. 00,08.00 am - 05.00 pm,"The former Colombo General Post Office, at 17 Janadhipathi Mawatha, Colombo Fort, was the headquarters of the Sri Lanka Post and the office of the Postmaster General for over one hundred years, from 1895 until 2000.",Colombo,Western
Sigiriya,7.956944444,80.75972222,https://en.wikipedia.org/wiki/Sigiriya,Top Tourist Attraction,5.4,RS. 2500,08.00 am - 05.00 pm,"Sigiriya or Sinhagiri is an ancient rock fortress located in the northern Matale District near the town of Dambulla in the Central Province, Sri Lanka. It is a site of historical and archaeological significance that is dominated by a massive column of granite approximately 180 m (590 ft) high.",Matale,Central
Ambalangoda,6.235,80.055,https://en.wikipedia.org/wiki/Ambalangoda,Top Tourist Attraction,4.6,RS. 00,08.00 am - 05.00 pm,"Ambalangoda is a coastal town located in Galle District, Southern Province of Sri Lanka, famous for its ancient demon masks and devil dancers.",Galle,Southern
Ruwanweli Maha Saya,8.35,80.3964,https://en.wikipedia.org/wiki/Ruwanwelisaya,Top Tourist Attraction,4.9,RS. 00,08.00 am - 05.00 pm,"

The Ruwanweli Maha Seya, also known as the Maha Thupa, is a stupa in Anuradhapura, Sri Lanka. Two quarts or one Dona of the Buddha's relics are enshrined in the stupa, making it the largest collection of his relics anywhere. It was built by Sinhalese King Dutugemunu in c. 140 B.C., who became king of Sri Lanka after a war in which the Chola King Elāra (Ellalan) was defeated. It is also known as Swarnamali Seya, Svaṇṇamāli Mahaceti and Rathnamali Seya.",Anuradhapura,North Central
Sinharaja Forest Reserve,6.24,80.28,https://en.wikipedia.org/wiki/Sinharaja_Forest_Reserve,Top Tourist Attraction,4.7,RS. 1700,08.00 am - 05.00 pm,Sinharaja Forest Reserve is a forest reserve and a biodiversity hotspot in Sri Lanka. It is of international significance and has been designated a Biosphere Reserve and World Heritage Site by UNESCO.,Ratnapura,Sabaragamuwa
Dambadeniya,7.36667,80.15,https://en.wikipedia.org/wiki/Dambadeniya,Top Tourist Attraction,2.4,RS. 00,08.00 am - 05.00 pm,"Dambadeniya (DMBD) is a ruined ancient city situated in the North Western Province (Wayamba), Sri Lanka on the Kurunegala–Negombo main road. It served as the capital of Sri Lanka in the mid 13th century. Much of Dambadeniya still lies buried on a huge fortified rock. Dambadeniya is situated about 31 km from Kurunegala, the modern day capital of the North Western Province. Dambadeniya is situated about 4 km from Giriulla.",Kurunegala,North Western
National Museum of Colombo,6.91,79.86083333,https://en.wikipedia.org/wiki/Colombo_National_Museum,Top Tourist Attraction,3.5,RS. 1200,08.00 am - 05.00 pm,"The Colombo National Museum, also known as the Sri Lanka National Museum, is a museum in Colombo and the largest in Sri Lanka. Founded in 1877 and maintained by the Department of National Museums, it holds collections of significant importance to Sri Lanka, such as the regalia of the Kandyan monarchs, as well as many other exhibits relating the country's cultural and natural heritage.",Colombo,Western
National Museum of Kandy,7.29326,80.64214,https://en.wikipedia.org/wiki/National_Museum_of_Kandy,Top Tourist Attraction,2.4,RS. 1200,08.00 am - 05.00 pm,"The National Museum of Kandy in Kandy, Sri Lanka is located next to the Temple of the Tooth in part of the former Royal Palace of Kandy. The primary exhibits are housed in the Palle Vahala building, which was the former home of the King's harem. A secondary exhibition is located in the main palace building. The museum is maintained by the Department of National Museums.",Kandy,Central
Great Basses Reef Lighthouse,6.182072,81.483006,https://en.wikipedia.org/wiki/Great_Basses_Reef_Lighthouse,Top Tourist Attraction,21.3,RS. 00,08.00 am - 05.00 pm,"Great Basses Reef Lighthouse is an offshore lighthouse in the south of Sri Lanka, operated and maintained by the Sri Lanka Ports Authority. It is located on a reef 13 km off the coast of Yala National Park, near Little Basses Reef Lighthouse. It is accessible only by boat. The two Basses lighthouses, 'Great' and 'Little', are among the most famous offshore lighthouses of Asia.",Hambantota,Southern
National railway museum,7.25761,80.5209,"https://en.wikipedia.org/wiki/National_Railway_Museum,_Kadugannawa",Top Tourist Attraction,1.6,RS. 1500,08.00 am - 05.00 pm,"The National Railway Museum of Sri Lanka is located in Kadugannawa, west of Kandy. The museum is owned by Sri Lanka Railways.",Kandy,Central
Bogambara Prison,7.290564,80.635453,https://en.wikipedia.org/wiki/Bogambara_Prison,Top Tourist Attraction,1.4,RS. 00,08.00 am - 05.00 pm,"Bogambara Prison was a maximum security prison and the second largest prison in the country after Welikada Prison in Colombo, Sri Lanka. After operating for 138 years, the prison was closed on 1 January 2014, and the inmates were transferred to the new Dumbara prison complex in Pallekele. In 2019, the government declared the prison site would become a cultural tourism centre, the Bogambara Cultural Park.",Kandy,Central
Sri Lanka Air Force Museum,6.8242,79.8917,https://en.wikipedia.org/wiki/Sri_Lanka_Air_Force_Museum,Top Tourist Attraction,3.8,RS. 2000,08.00 am - 05.00 pm,"The Sri Lanka Air Force Museum is the museum of the Sri Lanka Air Force, and its predecessor, the Royal Ceylon Air Force. Open to the public, the museum is at the SLAF Ratmalana and is maintained by the Sri Lanka Air Force.",Colombo,Western
Mihintale Museum,8.3555,80.5133,https://en.wikipedia.org/wiki/Mihintale_Museum,Top Tourist Attraction,4.8,RS. 1300,08.00 am - 05.00 pm,"Mihintale Archaeological Museum is an archaeological museum in Mihinthale, Anuradhapura district, North Central province, Sri Lanka.",Anuradhapura,North Central
National Museum of Galle,6.029277778,80.21669444,https://en.wikipedia.org/wiki/National_Museum_of_Galle,Top Tourist Attraction,3.9,RS. 1200,08.00 am - 05.00 pm,"The National Museum of Galle is one of the national museums of Sri Lanka. It is located in the oldest remaining Dutch building in the Galle fort, Galle, a single storey colonnaded Dutch building built in 1656 as the commissariat store for the Dutch garrison at the fort. It subsequently served as a billiards room for the adjoining New Oriental Hotel. The building was renovated by the Department of National Museums and opened on 31 March 1986.",Galle,Southern
Sri Lanka Cricket Museum,6.905935,79.868434,https://en.wikipedia.org/wiki/Sri_Lanka_Cricket_Museum,Top Tourist Attraction,4.2,RS. 1200,08.00 am - 05.00 pm,"Sri Lanka Cricket Museum is located at Maitland Place, Colombo, Sri Lanka, at the former Asian Cricket Council headquarters, adjacent to the headquarters of Sri Lanka Cricket.",Colombo,Western
Colombo Port Maritime Museum,6.938575,79.84252778,https://en.wikipedia.org/wiki/Colombo_Port_Maritime_Museum,Top Tourist Attraction,4.1,RS. 2400,08.00 am - 05.00 pm,"The Sri Lanka Ports Authority Maritime Museum, commonly known as the Colombo Maritime Museum, is located at 19 Chaithya Road, Colombo, adjacent to the Colombo Port. The museum is operated and maintained by the Sri Lanka Ports Authority.",Colombo,Western
Colombo National Art Gallery,6.9114575,79.86017583,"https://en.wikipedia.org/wiki/National_Art_Gallery,_Sri_Lanka",Top Tourist Attraction,2.9,RS. 2400,08.00 am - 05.00 pm,"The National Art Gallery in Colombo, Sri Lanka was the first state-sponsored art gallery built in the country.",Colombo,Western
Sri Lanka Planetarium,6.900762,79.862916,https://en.wikipedia.org/wiki/Sri_Lanka_Planetarium,Top Tourist Attraction,4.7,RS. 1600,08.00 am - 05.00 pm,"Sri Lanka Planetarium is a public planetarium located in Colombo, Sri Lanka. It is the first and only planetarium in the country and maintained as an institute under the Ministry of Science, Technology and Research.",Colombo,Western
"Postal museum, Colombo",6.92803,79.8581,"https://en.wikipedia.org/wiki/Postal_museum,_Colombo",Top Tourist Attraction,3.9,RS. 400,08.00 am - 05.00 pm,"Postal museum is a Sri Lanka's national museum of post that located at the Postal Headquarters in Colombo, Sri Lanka. Firstly, the postal museum was functioned at the Central Telegraph Office during 1918–1925, and moved to General Post Office in 1994. Again, a national postal museum was opened on 6 July 2010.",Colombo,Western
National Maritime Museum,6.02801,80.21766,https://en.wikipedia.org/wiki/National_Maritime_Museum_(Galle),Top Tourist Attraction,3.9,RS. 200o,08.00 am - 05.00 pm,"The National Maritime Museum or National Maritime Archaeology Museum in Galle, Sri Lanka is situated within Galle Fort. It was first opened to the public on 9 May 1992 and is located in a 1671 Dutch Warehouse above the Old Gate of Galle Fort. Whilst the building housing the museum survived the impact of the 26 December 2004 tsunami, the adjoining UNESCO Maritime Archaeology Unit was completely destroyed and all the exhibitions were flood damaged and the majority of maritime archeological artifacts were lost. Under Sri Lanka – Netherlands Cultural Co-operation Program, the Royal Government of Netherlands provided financial assistance for reconstruction of the Maritime Museum. After 3 years period of reconstruction, the Maritime Museum was re-opened to the public.",Galle,Southern
Temple of the Tooth Museum,7.293888889,80.63861111,https://en.wikipedia.org/wiki/Temple_of_the_Tooth_Museum,Top Tourist Attraction,3.4,RS. 00,08.00 am - 05.00 pm,"Temple of the Tooth Museum is a museum of the Temple of the Tooth. It is located on the first and the second floors wing of the Temple of the Tooth in Kandy, Sri Lanka.",Kandy,Central
Highway Museum complex,7.26667,80.5833,"https://en.wikipedia.org/wiki/Highway_museum_complex,_Kiribathkumbura",Top Tourist Attraction,3.4,RS.500 ,08.00 am - 05.00 pm,"Highway museum complex is Sri Lanka's first highway museum. Located in Kiribathkumbura, Kandy, it is maintained by the Road Development Authority.",Kandy,Central
International Buddhist Museum,7.29472,80.6408,https://en.wikipedia.org/wiki/International_Buddhist_Museum,Top Tourist Attraction,4.3,RS. 600,08.00 am - 05.00 pm,"International Buddhist Museum is the world's first International Buddhist Museum. It is located next to the National Museum of Kandy and Temple of the Tooth in Kandy, Sri Lanka. The site was the former Palace of the Kandian King, Wimaladharmasuriya, upon which the British constructed a Victorian era building, which housed the Kandy Kachcheri.",Kandy,Central
Panduwasnuwara Museum,7.605166667,80.1015,https://en.wikipedia.org/wiki/Panduwasnuwara_Museum,Top Tourist Attraction,1.9,RS. 400,08.00 am - 05.00 pm,"Panduwasnuwara Archaeological Museum is an archaeological Museum in Panduwasnuwara, Sri Lanka. It is located at Kotampitiya junction on Kurunegala-Chilaw road, near to the ancient shrine Panduwasnuwara Raja Maha Vihara. The museum serve as the regional museum for North Western Province of the country and is maintained by Archaeological department of Sri Lanka.",Kurunegala,North Western
Anuradhapura,8.335,80.41083333,https://en.wikipedia.org/wiki/Anuradhapura,Top Tourist Attraction,4.6,RS. 00,08.00 am - 05.00 pm,"Anuradhapura is a major city located in the north central plain of Sri Lanka. It is the capital city of North Central Province and the capital of Anuradhapura District. The city lies 205 kilometers (127 mi) north of the current capital of Colombo in the North Central Province, on the banks of the historic Malwathu Oya. The city is now a World Heritage Site famous for its well-preserved ruins of the ancient Sinhalese civilisation.",Anuradhapura,North Central
Belilena,7.00222222,80.43577778,https://en.wikipedia.org/wiki/Belilena_Cave,Top Tourist Attraction,3.9,RS. 00,08.00 am - 05.00 pm,"Belilena Cave is a cave in Sri Lanka, located 8 km (5.0 mi) from the town of Kitulgala. Evidence of prehistoric human presence as early as 32,000 years ago was recorded at the site. The skeletal remains of ten individuals were discovered by Paul E. P. Deraniyagala, who attributed them to Balangoda Man. Balangoda Man is assumed to have lived as early as 32,000 years ago and occupied high altitude territories of up to 2,000 ft (609.6 m) above sea level.",Kegalle,Sabaragamuwa
Batadombalena,6.8,80.36666667,https://en.wikipedia.org/wiki/Batadombalena,Top Tourist Attraction,3.2,RS. 00,08.00 am - 05.00 pm,"Batadombalena is an archaeological site with evidence of habitation from 8,000 years BCE, Balangoda Man, located 85 km (52.8 mi) from Colombo in Sri Lanka, a two-hour drive from Colombo.",Ratnapura,Sabaragamuwa
Maduwanwela Walawwa,6.38916667,80.70347222,https://en.wikipedia.org/wiki/Maduwanwela_Walawwa,Top Tourist Attraction,2.7,RS. 200,08.00 am - 05.00 pm,"Maduwanwela Walawwa is a walawwa located in Ratnapura District, Sabaragamuwa Province, Sri Lanka. The Walawwa is in the town of Maduwanwela, which lies between Embilipitiya and Rakwana, approximately 207 km (129 mi) from Colombo.",Ratnapura,Sabaragamuwa
Vessagiri,8.35,80.3833,https://en.wikipedia.org/wiki/Vessagiriya,Top Tourist Attraction,2.1,RS. 00,08.00 am - 05.00 pm,"Vessagiriya, or Issarasamanarama, is an ancient Buddhist forest monastery that is part of the ruins of Anuradhapura, one of the ancient capitals of Sri Lanka. It is located about half a mile south of Isurumuniya, among boulders. Begun in the reign of King Devanampiya Tissa, the site was expanded during the reign of King Kasyapa to become home to about five hundred monks.
",Anuradhapura,North Central
Aberdeen Falls,6.95,80.5,https://en.wikipedia.org/wiki/Aberdeen_Falls,Top Tourist Attraction,4.7,RS. 400,08.00 am - 05.00 pm,"Aberdeen Falls is a 98 m (322 ft) high waterfall on the Kehelgamu Oya near Ginigathena, in the Nuwara Eliya District of Sri Lanka. Kehelgamu Oya is a major tributary of the Kelani River. The waterfall is ranked as the 18th highest on the Island.",Nuwara Eliya,Central
Galboda Ella,6.7844,80.7061,https://en.wikipedia.org/wiki/Galboda_Ella,Top Tourist Attraction,4.9,RS. 400,08.00 am - 05.00 pm,Galboda Falls(ගල්බොඩ ඇල්ල) is a waterfall in Sri Lanka. It is located by Nuwara Eliya District. Galboda is along the railway track of Colombo to Badulla. The environment is cool with much rain.,Nuwara Eliya,Central
Baker's Falls,6.792222222,80.78944444,https://en.wikipedia.org/wiki/Baker%27s_Falls,Top Tourist Attraction,5.2,RS. 1000,08.00 am - 05.00 pm,"Baker's Falls is a famous waterfall in Horton Plains National Park in the Nuwara Eliya District of Sri Lanka. Approximately 20 metres high, the waterfall is formed by the Belihul Oya, a major tributary of the Walawe River.",Nuwara Eliya,Central
Alakola Ella,7.419181,80.740014,https://en.wikipedia.org/wiki/Alakola_Ella,Top Tourist Attraction,3.9,RS. 400,08.00 am - 05.00 pm,"Alakola Ella also referred to as Thaliya Wetuna Ella is a waterfall which is located in Alakola estate in the Knuckles mountain range, Matale of Central Province. The waterfall was named after a tea planter called Allen Collen who was active during the colonial era.",Matale,Central
Rathna ella,7,80.983333,https://en.wikipedia.org/wiki/Rathna_Ella,Top Tourist Attraction,3.8,RS. 00,08.00 am - 05.00 pm,"Rathna Ella is a waterfall in Hasalaka, Sri Lanka. It is 101 meters, and is the 14th tallest waterfall in Sri Lanka. It springs from the Knuckles mountain range, and supplies water for irrigation and paddy cultivation to the local community, sustaining approximately 200 farmers.",Kandy,Central
Devon Falls,6.951666667,80.62972222,https://en.wikipedia.org/wiki/Devon_Falls,Top Tourist Attraction,4.7,RS. 1000,08.00 am - 05.00 pm,"Devon Falls, known as the 'Veil of the Valley', is a waterfall in Sri Lanka, situated 6 km (3.7 mi) west of Talawakele, Nuwara Eliya District on the A7 highway. The falls is named after a pioneer English coffee planter called Devon, whose plantation was situated nearby. The waterfall is 97 m (318 ft) high and is the 19th highest in the country. The falls are formed by a tributary of Kothmale Oya, which is a tributary of Mahaweli River. The elevation of Devon Falls is 1,140 m (3,740 ft) above sea level.",Nuwara Eliya,Central
Surathali Falls,6.74583333,80.82888889,https://en.wikipedia.org/wiki/Surathali_Falls,Top Tourist Attraction,4.3,RS. 400,08.00 am - 05.00 pm,Surathali Falls is a 60-metre (200 ft) waterfall in Walhaputenna of Ratnapura District in Sri Lanka.,Badulla,Uva
Bopath Ella Falls,6.8,80.36666667,https://en.wikipedia.org/wiki/Bopath_Ella_Falls,Top Tourist Attraction,4.9,RS. 1000,08.00 am - 05.00 pm,"Bopath Ella is a waterfall situated in the Ratnapura District of Sri Lanka. It has a shape very similar to the leaf of the Sacred fig or ""Bo"" (බෝ) tree, which has earned it this name. The waterfall is a major tourist attraction in the country. Local myths say that it is haunted and that it hides a treasure trove.",Ratnapura,Sabaragamuwa
Rawan Ella,6.959444444,80.85444444,https://en.wikipedia.org/wiki/Rawan_Ella,Top Tourist Attraction,5.4,RS. 400,08.00 am - 05.00 pm,"Rawan Ella, is a waterfall in the village of Uduhawara, in Badulla District, near the boundary with the Nuwara Eliya District, Sri Lanka. It is a horsetail-type waterfall, approximately 40 metres high.",Badulla,Uva
Devathura Falls,7.05855556,80.69905556,https://en.wikipedia.org/wiki/Devathura_Falls,Top Tourist Attraction,3.2,RS. 400,08.00 am - 05.00 pm,"Devathura Falls is a waterfall in Nuwara Eliya District of Sri Lanka. The water cascades three falls and the lowest part is close to the road at the ""ramboda pass"", and is approximately 10 meter in height. However, the upper part of waterfall is situated little above the road and is approximately 72 feet in height.",Nuwara Eliya,Central
Elgin Falls,6.866666667,80.76666667,https://en.wikipedia.org/wiki/Elgin_Falls,Top Tourist Attraction,3.1,RS. 400,08.00 am - 05.00 pm,"Elgin Falls is a waterfall in Sri Lanka, located in the Elgin tea estate, which is 18 km (11 mi) from Nuwara Eliya, Sri Lanka. The waterfall is 25 m (82 ft) in height. Elgin Falls is named after Elgin, a major town of Moray in Scotland. The falls are at about 1,500 m (4,900 ft) above sea level. There are several ways to access the waterfall. When traveling by railway between Nanu Oya and Ambewela, the falls can be seen picturesquely.",Nuwara Eliya,Central
Diyaluma Falls,6.733282146,81.03146967,https://en.wikipedia.org/wiki/Diyaluma_Falls,Top Tourist Attraction,5.2,RS. 1000,08.00 am - 05.00 pm,"Diyaluma Falls is 220 m (720 ft) high and the second highest waterfall in Sri Lanka and 619th highest waterfall in the world. It is situated 6 km (3.7 mi) away from Koslanda in Badulla District on Colombo-Badulla highway. The falls are formed by Punagala Oya, a tributary of Kuda Oya which in turn, is a tributary of Kirindi Oya.",Badulla,Uva
Bomburu Ella,6.9475,80.83083333,https://en.wikipedia.org/wiki/Bomburu_Ella,Top Tourist Attraction,5.5,RS. 1000,08.00 am - 05.00 pm,"Bomburu Ella, also known as Perawella Falls, is a waterfall in Uva-Paranagama Divisional Secretariat of Sri Lanka. It is located near the border of Nuwara Eliya and Badulla districts, approximately 15 km from Welimada town. The fall is about 50 m in height and 20 m in width and consists of several small waterfalls grouped together. The source of the falls is a lake located in the central highlands of Sri Lanka. Renowned as the widest waterfall in the country, it is composed of several smaller cascades that converge to form a single, expansive waterfall.",Nuwara Eliya,Central
St. Clair's Falls,6.951177778,80.64787778,https://en.wikipedia.org/wiki/St._Clair%27s_Falls,Top Tourist Attraction,5.5,RS. 400,08.00 am - 05.00 pm,"St. Clair's Falls is one of the widest waterfalls in Sri Lanka and is commonly known as the ""Little Niagara of Sri Lanka"". It is one of six waterfalls affected by the Upper Kotmale Hydropower Project.",Nuwara Eliya,Central
Ravana Falls,6.903888889,81.05166667,https://en.wikipedia.org/wiki/Ravana_Ella,Top Tourist Attraction,5.5,RS. 400,08.00 am - 05.00 pm,"Ravana Ella, also known as Ravama Falls, or Bambaragala Falls is a popular sightseeing attraction in Uva province of Sri Lanka. It currently ranks as one of the widest falls in the country.",Badulla,Uva
Ramboda Falls,7.067,80.7,https://en.wikipedia.org/wiki/Ramboda_Falls,Top Tourist Attraction,4.8,RS. 400,08.00 am - 05.00 pm,"Ramboda Falls is 109 m (358 ft) high and the eleventh tallest waterfall in Sri Lanka and the 729th tallest waterfall in the world. It is situated in Kothmale area, on the A5 highway at Ramboda Pass. The waterfall is formed by the Panna Oya which is a tributary of Kothmale Oya. The falls have an elevation 945 m (3,100 ft) above sea level.",Nuwara Eliya,Central
Bambarakanda Falls,6.773333333,80.83111111,https://en.wikipedia.org/wiki/Bambarakanda_Falls,Top Tourist Attraction,5.6,RS. 1000,08.00 am - 05.00 pm,"Bambarakanda Falls is the tallest waterfall in Sri Lanka. With a height of 263 m (863 ft), it ranks as the 461st highest waterfall in the world. Situated in Kalupahana in the Badulla District, this waterfall is 5 km (3.1 mi) away from the A4 Highway. The waterfall was formed by Kuda Oya, which is a tributary of the Walawe River. The Bambarakanda Falls can be found in a forest of pine trees.",Badulla,Uva
Dunsinane Falls,7.01172222,80.70566667,https://en.wikipedia.org/wiki/Dunsinane_Falls,Top Tourist Attraction,5.1,RS. 400,08.00 am - 05.00 pm,Dunsinane Falls is a waterfall in Nuwara Eliya District of Sri Lanka. It is situated in Pundaluoya village and between the Tea estates known as Dunsinane and Sheen. Therefore sometimes this falls is called as Dunsinane Sheen falls. The waterfall is created by the Pundalu Oya river which is a tributary of Kotmale Oya.,Nuwara Eliya,Central
Dunhinda Falls,7.016666667,81.06666667,https://en.wikipedia.org/wiki/Dunhinda_Falls,Top Tourist Attraction,5.4,RS. 1000,08.00 am - 05.00 pm,Dunhinda Falls is a waterfall located about 5 kilometres (3.1 mi) from Badulla in the lower central hills of Sri Lanka.,Badulla,Uva
Laxapana Falls,6.9,80.5,https://en.wikipedia.org/wiki/Laxapana_Falls,Top Tourist Attraction,5.3,RS. 400,08.00 am - 05.00 pm,"Laxapana Falls is, at 126 m (413 ft) high, the 8th highest waterfall in Sri Lanka and 625th highest in the world. It is situated in Maskeliya area in Nuwara Eliya District, about 16 km (10 mi) from Maskeliya town on Maskeliya-Norton Bridge road, in a village called Kiriwan Eliya. It is formed by Maskeliya Oya near the confluence of Kehelgamu Oya and Maskeliya Oya which forms Kelani River. The falls gives its name to twin hydroelectric power stations, Old Laxapana Power Station which generates 50 MW of electricity and New Laxapana Power Station which generates 100 MW.",Nuwara Eliya,Central
Hunnas Falls,7.401944444,80.68972222,https://en.wikipedia.org/wiki/Hunnas_Falls,Top Tourist Attraction,5.1,RS. 400,08.00 am - 05.00 pm,"Hunnas waterfall, also known as Hunnasgiriya falls, is located about 22 kilometres (14 mi) from Kandy, Sri Lanka. It is located in Matale District near the village of Elkaduwa. There are two roads to reach Hunnas waterfall, one is coming from Matale to Elkaduwa, and the other is Wattegama (Kandy) to Elkaduwa.",Kandy,Central
Doovili Ella Falls,6.66233333,80.86583333,https://en.wikipedia.org/wiki/Doovili_Ella,Top Tourist Attraction,4.3,RS. 1000,08.00 am - 05.00 pm,"Duvili Ella or Walawe Ganga East Falls is a waterfall in Ratnapura District, Sri Lanka. It is located in Thanjantenna village, which is about 4 km (2.5 mi) away from Balangoda. The height of the waterfalls is about 40 m (130 ft). The name 'Duwili' is derived from the Sinhalese for dust, which describes the spray emanating from the waterfall.",Matale,Central
Sera Ella Falls,7.588304,80.7549405,https://en.wikipedia.org/wiki/Sera_Ella,Top Tourist Attraction,4.9,RS. 400,08.00 am - 05.00 pm,"Sera Ella is a waterfall located in Pothatawela village, a place near Laggala in the Matale District of Sri Lanka. It is formed by the waters of Kitul Canal which runs down Kaudagammana peak and the Hunumadala River, which flows from the mountains of Gonamada and Deyuthu Gammmaduwa, combining to form the Puwakpitiya River, a waterway which joins Thelgamu Oya to create the waterfall at its point of joining.",Matale,Central
Ceylon Tea Museum,7.26861111,80.63266111,https://en.wikipedia.org/wiki/Ceylon_Tea_Museum,Top Tourist Attraction,3.9,RS. 1500,08.00 am - 05.00 pm,"The Ceylon Tea Museum is located in the former Hanthana Tea Factory, which was originally constructed in 1925. It is situated 3 km (1.9 mi) south of Kandy.",Kandy,Central
Kumana National Park,6.51305556,81.68777778,https://en.wikipedia.org/wiki/Kumana_National_Park,Top Tourist Attraction,4.8,RS. 2000,08.00 am - 05.00 pm,"Kumana National Park in Sri Lanka is renowned for its avifauna, particularly its large flocks of migratory waterfowl and wading birds. The park is 391 kilometres (243 mi) southeast of Colombo on Sri Lanka's southeastern coast. Kumana is contiguous with Yala National Park, and was formerly known as Yala East National Park and was renamed to its present name in 2006.",Ampara,Eastern
Kaudulla National Park,8.16111111,80.905,https://en.wikipedia.org/wiki/Kaudulla_National_Park,Top Tourist Attraction,4.6,RS. 2000,08.00 am - 05.00 pm,"Kaudulla National Park is a national park on the island of Sri Lanka located 197 kilometres (122 mi) away from the largest city, Colombo. It was designated a national park on April 1, 2002, becoming the 15th such area on the island. In the 2004–2005 season more than 10,000 people visited the National Park, generating an income of Rs.100,000 from entrance fees. Along with Minneriya and Girithale BirdLife International have identified Kaudulla as an Important Bird Area.",Polonnaruwa,North Central
Wasgamuwa National Park,7.71667,80.9333,https://en.wikipedia.org/wiki/Wasgamuwa_National_Park,Top Tourist Attraction,4.5,RS. 2000,08.00 am - 05.00 pm,"Wasgamuwa National Park is a natural park in Sri Lanka situated in the Matale and Polonnaruwa Districts. It was declared to protect and to make a refuge for the displaced wild animals during the Mahaweli Development Project in 1984 and is one of the four National Parks designated under the Project. Originally it was designated as a nature reserve in 1938, and then in the early 1970s the area was regraded as a strict nature reserve. Wasgamuwa is one of the protected areas where Sri Lankan Elephants can be seen in large herds. It is also one of the Important Bird Areas in Sri Lanka. The name of the Wasgamuwa has derived from the words ""Walas Gamuwa"". ""Walasa"" is Sinhala for sloth bear and ""Gamuwa"" means a wood. The park is situated 225 km away from Colombo.",Matale,Central
Angammedilla National Park,7.9212,80.9119,https://en.wikipedia.org/wiki/Angammedilla_National_Park,Top Tourist Attraction,4.1,RS. 1300,08.00 am - 05.00 pm,"Angammedilla National Park is one of the new national parks in Sri Lanka. The region was designated national park on 6 June 2006. Originally Angammedilla was a forest reserve within the Minneriya-Girithale Sanctuary declared on 12 February 1988. The park is declared mainly to protect the drainage basin of Parakrama Samudra. Angammedilla also secures the drainage basins of Minneriya and Girithale irrigation tanks, water sources in Sudu Kanda and habitats and wildlife of the adjacent forests. It is located 225 kilometres (140 mi) away from Colombo in Polonnaruwa District.",Polonnaruwa,North Central
Horagolla National Park,7.13944444,80.08555556,https://en.wikipedia.org/wiki/Horagolla_National_Park,Top Tourist Attraction,2.8,RS. 1300,08.00 am - 05.00 pm,"Horagolla National Park is one of the latest national parks in Sri Lanka. It is so called because of an abundance of Dipterocarpus zeylanicus (hora) trees. The area was originally declared as a wildlife sanctuary on 5 September 1973 due to its rich biodiversity. Later on 24 June 2004, Horagolla was elevated to national park status. Horagolla is the only urban park in the Western Province of Sri Lanka. The park is situated close to Horagolla Walauwa, the home of the Bandaranaike family. The park is situated some 40 kilometres (25 mi) from Colombo.",Gampaha,Western
Somawathiya National Park,8.12083333,81.16888889,https://en.wikipedia.org/wiki/Somawathiya_National_Park,Top Tourist Attraction,4.6,RS. 00,08.00 am - 05.00 pm,"Somawathiya National Park is one of the four national parks designated under the Mahaweli River development project. Somawathiya Chaitya, a stupa said to be containing a relic of the tooth of the Buddha, is situated within the park. The park was created on 2 September 1986, having been originally designated a wildlife sanctuary on 9 August 1966. The park is home to many megaherbivores. The national park is located 266 kilometres (165 mi) north-east of Colombo.",Polonnaruwa,North Central
Lahugala Kitulana National Park,6.88333333,81.66666667,https://en.wikipedia.org/wiki/Lahugala_Kitulana_National_Park,Top Tourist Attraction,4.2,RS. 2000,08.00 am - 05.00 pm,"Lahugala Kitulana National Park is one of the smallest national parks in Sri Lanka. Despite its land area, the park is an important habitat for Sri Lankan elephant and endemic birds of Sri Lanka. The national park contains the reservoirs of Lahugala, Kitulana and Sengamuwa and they are ultimately empties to Heda Oya river. Originally it was designated as a wildlife sanctuary on July 1 of 1966. Then the protected area was upgraded to a national park on October 31 of 1980. Lahugala Kitulana is situated 318 km east of Colombo.",Ampara,Eastern
Gal Oya National Park,7.21666667,81.36666667,https://en.wikipedia.org/wiki/Gal_Oya_National_Park,Top Tourist Attraction,4.6,RS. 2000,08.00 am - 05.00 pm,"Gal Oya National Park in Sri Lanka was established in 1954 and serves as the main catchment area for Senanayake Samudraya, the largest reservoir in Sri Lanka. Senanayake Samudraya was built under the Gal Oya development project by damming the Gal Oya at Inginiyagala in 1950. An important feature of the Gal Oya National Park is its elephant herd that can be seen throughout the year. Three important herbs of the Ayurveda medicine, triphala: Terminalia chebula, Terminalia bellirica and Emblica officinalis are amongst the notable flora of the forest. From 1954 to 1965 the park was administrated by the Gal Oya Development Board until the Department of Wildlife Conservation took over administration. The national park is situated 314 km from Colombo.",Ampara,Eastern
Nilaveli,8.68333333,81.2,https://en.wikipedia.org/wiki/Nilaveli,Top Tourist Attraction,5.1,RS. 00,08.00 am - 05.00 pm,"Nilaveli is a coastal resort town and suburb of the Trincomalee District, Sri Lanka located 16 km northwest of the city of Trincomalee. A historically popular Tamil village and tourist destination of the district alongside the nearby Uppuveli, the numbers of visitors declined following the 2004 Indian Ocean tsunami and Sri Lankan Civil War, but have risen again since 2010.
Pigeon Island National Park, one of the two marine national parks of the region is situated 1 km off the coast of Nilaveli, its many species of vegetation, coral and reef fish contributing to Nilaveli's rich biodiversity.",Trincomalee,Eastern
Horton Plains National Park,6.8,80.8,https://en.wikipedia.org/wiki/Horton_Plains_National_Park,Top Tourist Attraction,5.6,RS. 2500,08.00 am - 05.00 pm,"Horton Plains National Park is a national park in the central highlands of Sri Lanka that was designated in 1988. It encompasses an area of 31 km2 (12 sq mi) and borders Thotupalakanda Nature Reserve. It is located at an elevation of 2,100–2,300 m (6,900–7,500 ft) and encompasses montane grassland and cloud forest. It is rich in biodiversity and many species found here are endemic to the region.",Nuwara Eliya,Central
Lunugamvehera National Park,6.38333333,81.23333333,https://en.wikipedia.org/wiki/Lunugamvehera_National_Park,Top Tourist Attraction,3.8,RS. 00,08.00 am - 05.00 pm,"Lunugamvehera National Park in Sri Lanka was declared in 1995, with the intention of protecting the catchment area of the Lunugamvehera reservoir and wildlife of the area. The national park is an important habitat for water birds and elephants. The catchment area is vital to maintain the water levels of the five tanks in the down stream of Kirindi Oya and wetland characteristics of Bundala National Park. This national park also serves as a corridor for elephants to migrate between Yala National Park and Udawalawe National Park. The national park is situated 261 km (162 mi) southwest from Colombo. After being closed because of the Sri Lankan civil war, the national park is now open to the general public.",Hambantota,Southern
Yala National Park,6.26666667,81.33333333,https://en.wikipedia.org/wiki/Yala_National_Park,Top Tourist Attraction,5.1,RS. 2500,08.00 am - 05.00 pm,"Yala National Park is a national park in Sri Lanka, bordering the Indian Ocean and covering 979 km2 (378 sq mi). It was designated as a wildlife sanctuary in 1900. It hosts diverse ecosystems ranging from moist monsoon forests to freshwater and marine wetlands, and is important for the conservation of Sri Lankan elephants, Sri Lankan leopards and 44 mammal species. It is one of the 70 Important Bird Areas in Sri Lanka harbouring 215 bird species including six endemic species of Sri Lanka.",Hambantota,Southern
Wilpattu National Park,8.43333,80,https://en.wikipedia.org/wiki/Wilpattu_National_Park,Top Tourist Attraction,5.1,RS. 2500,08.00 am - 05.00 pm,"Wilpattu National Park is a national park in Sri Lanka. The unique feature of this park is the existence of ""Willus"" – natural, sand-rimmed water basins or depressions that fill with rainwater. Located on the northwest coast lowland dry zone of Sri Lanka, the park is 30 km (19 mi) west of Anuradhapura and 26 km (16 mi) north of Puttalam. The park is 1,317 km2 (508 sq mi) in area and ranges from 0–152 m (0–499 ft) above sea level. Nearly one hundred and six lakes (Willu) and tanks are found spread throughout Wilpattu. Wilpattu is the largest and one of the oldest national parks in Sri Lanka. Wilpattu is world-renowned for its leopard population. A remote camera survey conducted in Wilpattu from July to October 2015 by the Wilderness and Wildlife Conservation Trust captured photographs of forty-nine individual leopards in the surveyed area, the core area density of which was between that of Yala National Park's Block I and Horton Plains National Park.",Anuradhapura,North Central
Minneriya National Park,7.97888889,80.84888889,https://en.wikipedia.org/wiki/Minneriya_National_Park,Top Tourist Attraction,4.8,RS. 2500,08.00 am - 05.00 pm,"Minneriya National Park is a national park in North Central Province of Sri Lanka. The area was designated as a national park on 12 August 1997, having been originally declared as a wildlife sanctuary in 1938. The reason for declaring the area as protected is to protect the catchment of Minneriya tank and the wildlife of the surrounding area. The tank is of historical importance, having been built by King Mahasen in third century AD. The park is a dry season feeding ground for the elephant population dwelling in forests of Matale, Polonnaruwa, and Trincomalee districts. The park earned revenue of Rs. 10.7 million in the six months ending in August 2009. Along with Kaudulla and Girithale, Minneriya forms one of the 70 Important Bird Areas (IBAs) of Sri Lanka. The park is situated 182 kilometres (113 mi) from Colombo.",Polonnaruwa,North Central
Horowpathana National Park,8.6192525,80.8301721,https://en.wikipedia.org/wiki/Horowpathana_National_Park,Top Tourist Attraction,3.1,RS. 00,08.00 am - 05.00 pm,"Horowpathana National Park is the 23rd national park in Sri Lanka. It is located in north eastern Sri Lanka, approximately 53 km (33 mi) west of Trincomalee and 64 km (40 mi) north-east of Anuradhapura.",Anuradhapura,North Central
Ussangoda,6.1,80.9894,https://en.wikipedia.org/wiki/Ussangoda_National_Park,Top Tourist Attraction,4.8,RS. 00,08.00 am - 05.00 pm,"Ussangoda National Park is a Sri Lankan national park and designated archaeological site, situated on the Colombo – Kataragama road near Ambalantota – Nonagama Junction in Hambantota District. It is located in the southern sea turtle breeding zones. Ussangoda is a patch of high ground by the sea and spreads over a significant area. Unlike the rest of the land surrounding, it is only covered with grass and a few pockets of pigmy forests. The summit of Ussangoda area pans like a plateau for a significant length.",Hambantota,Southern
Flood Plains National Park,7.91813,81.08665,https://en.wikipedia.org/wiki/Flood_Plains_National_Park,Top Tourist Attraction,1.5,RS. 00,08.00 am - 05.00 pm,Flood Plains National Park is one of the four national parks set aside under the Mahaweli River development project in Sri Lanka. The park was created on 7 August 1984. The national park is situated along the Mahaweli flood plain and is considered a rich feeding ground for elephants. Flood Plains National Park is considered an elephant corridor for the elephants migrate between Wasgamuwa and Somawathiya national parks. The park is situated 222 kilometres (138 mi) north-east of Colombo.,Polonnaruwa,North Central
Galway's Land National Park,6.96666667,80.77722222,https://en.wikipedia.org/wiki/Galway%27s_Land_National_Park,Top Tourist Attraction,1.7,RS. 00,08.00 am - 05.00 pm,"Galways Land National Park is a small 27 ha (0.10 mi2) national park consisting of dense montane forest. It is located within the city limits of Nuwara Eliya in Sri Lanka, approximately 2 km (1 mi) east of the city centre. The area was first declared a wildlife sanctuary on 27 May 1938, and later upgraded to national park status on 18 May 2006. The park was established to conserve the unique montane ecosystems of the region.",Nuwara Eliya,Central
Chundikkulam National Park,9.49861111,80.50694444,https://en.wikipedia.org/wiki/Chundikkulam_National_Park,Top Tourist Attraction,3.9,RS. 00,08.00 am - 05.00 pm,"Chundikkulam National Park is a national park in northern Sri Lanka, approximately 12 km (7 mi) north east of Kilinochchi.",Kilinochchi,Northern
Delft National Park,9.49722222,79.7,https://en.wikipedia.org/wiki/Delft_National_Park,Top Tourist Attraction,4.4,RS. 1000,08.00 am - 05.00 pm,"Delft National Park is a national park on the island of Neduntivu (Delft) in northern Sri Lanka, approximately 35 km (22 mi) south west of Jaffna.",Jaffna,Northern
Maduru Oya National Park,7.57583333,81.14277778,https://en.wikipedia.org/wiki/Maduru_Oya_National_Park,Top Tourist Attraction,4.4,RS. 1000,08.00 am - 05.00 pm,"Maduru Oya National Park is a national park of Sri Lanka, established under the Mahaweli development project and also acts as a catchment of the Maduru Oya Reservoir. The park was designated on 9 November 1983. Providing a sanctuary to wildlife, especially for elephants and protecting the immediate catchments of five reservoirs are the importance of the park. A community of Vedda people, the indigenous ethnic group of Sri Lanka lives within the park boundary in Henanigala. The park is situated 288 kilometres (179 mi) north-east of Colombo.",Ampara,Eastern
Pigeon Island National Park,8.716666667,81.2,https://en.wikipedia.org/wiki/Pigeon_Island_National_Park,Top Tourist Attraction,4.7,RS. 00,08.00 am - 05.00 pm,"Pigeon Island National Park is one of the three marine national parks of Sri Lanka. The national park is situated 1 km off the coast of Nilaveli, a coastal town in Eastern Province, encompassing a total area of 471.429 hectares. The island's name derives from the rock pigeon which has colonized it. The national park contains some of the best remaining coral reefs of Sri Lanka. Pigeon Island was designated as a sanctuary in 1963. In 2003 it was re-designated as a national park, making it the 17th such park in Sri Lanka. The island was used as a shooting range during the colonial era. Pigeon Island was one of the several protected areas affected by the Indian Ocean tsunami in 2004.",Trincomalee,Eastern
Madhu Road National Park,8.93055556,80.21388889,https://en.wikipedia.org/wiki/Madhu_Road_National_Park,Top Tourist Attraction,2.7,RS. 00,08.00 am - 05.00 pm,"Madhu Road National Park is a national park in northern Sri Lanka, approximately 25 km (16 mi) east of Mannar.",Mannar,Northern
Hikkaduwa National Park,6.145,80.0925,https://en.wikipedia.org/wiki/Hikkaduwa_National_Park,Top Tourist Attraction,5.4,RS. 1000,08.00 am - 05.00 pm,"Hikkaduwa National Park is one of the three marine national parks in Sri Lanka. The national park contains a fringing coral reef of high degree of biodiversity. The area was declared a wildlife sanctuary on May 18, 1979, and then on August 14, 1988, upgraded to a nature reserve with extended land area. The growth of the number of visitors in the next 25 years increased the degradation of the coral reef. To reduce the effects to the ecosystem, the reef was declared a national park on September 19, 2002.",Galle,Southern
Bundala National Park,6.213888889,81.225,https://en.wikipedia.org/wiki/Bundala_National_Park,Top Tourist Attraction,5.3,RS. 1500,08.00 am - 05.00 pm,"Bundala National Park is an internationally important wintering ground for migratory water birds in Sri Lanka. Bundala harbors 197 species of birds, the highlight being the greater flamingo, which migrate in large flocks. Bundala was designated a wildlife sanctuary in 1969 and redesignated to a national park on 4 January 1993. In 1991 Bundala became the first wetland to be declared as a Ramsar site in Sri Lanka. In 2005 the national park was designated as a biosphere reserve by UNESCO, the fourth biosphere reserve in Sri Lanka. The national park is situated 245 kilometres (152 mi) southeast of Colombo.",Hambantota,Southern
Adam's Bridge Marine National Park,9.07083333,79.62833333,https://en.wikipedia.org/wiki/Adam%27s_Bridge_Marine_National_Park,Top Tourist Attraction,3.9,RS. 00,08.00 am - 05.00 pm,"Adam's Bridge Marine National Park is a national park surrounding Adam's Bridge in northern Sri Lanka, approximately 30 km (19 mi) north west of Mannar.",Mannar,Northern
Kukulugala,6.664444444,80.26388889,https://en.wikipedia.org/wiki/Kukulugala,Top Tourist Attraction,0.4,RS. 00,08.00 am - 05.00 pm,"Kukulugala is a mountain in the Nuwara Eliya District of Sri Lanka. At a summit elevation of 704 m (2,310 ft), it is the 18th tallest mountain in Sri Lanka.",Ratnapura,Sabaragamuwa
Adam's Peak,6.809444444,80.49972222,https://en.wikipedia.org/wiki/Adam%27s_Peak,Top Tourist Attraction,5.5,RS. 00,08.00 am - 05.00 pm,"Adam's Peak is a 2,243-metre-tall (7,359-foot) conical sacred mountain located in central Sri Lanka. It is well known for the Sri Pada, a 1.8 m rock formation resembling a footprint near the summit whose name is also used for the mountain itself. In Buddhist tradition the print is held to be the footprint of the Buddha, later in Sri Lankan Hindu tradition that of Hanuman or Shiva, and in some Islamic and Christian traditions that of Adam or St. Thomas the Apostle.",Nuwara Eliya,Central
Ritigala,8.108611111,80.65611111,https://en.wikipedia.org/wiki/Ritigala,Top Tourist Attraction,5.1,RS. 1000,08.00 am - 05.00 pm,Ritigala is a mountain in central Sri Lanka which is home to an ancient Buddhist monastery. The ruins and rock inscriptions of the monastery date back to 1st century BCE. It is located 43 km (27 mi) away from the ancient monastic city of Anuradhapura.,Anuradhapura,North Central
Conical Hill,6.9125,80.77583333,https://en.wikipedia.org/wiki/Conical_Hill_(Sri_Lanka),Top Tourist Attraction,4.2,RS. 1000,08.00 am - 05.00 pm,"Conical Hill is a 2,166-metre-high (7,106 ft) mountain situated in the Nuwara Eliya District of Sri Lanka. It is the 9th highest mountain in Sri Lanka.",Nuwara Eliya,Central
Gonmollikanda,6.76666667,80.80916667,https://en.wikipedia.org/wiki/Gonmollikanda,Top Tourist Attraction,2.6,RS. 00,08.00 am - 05.00 pm,"Gonmollikanda is regarded as the 13th highest mountain in Sri Lanka situated at 2,034 m (6,673 ft) above mean sea level. The mountain got its name from the native language of Sri Lanka, Sinhala as the peak of the mountain has a shape of hump of a bull. In Sinhala 'Gommolliya' has the meaning of 'Hump of the bull'. Another popular mountain peak named Balathoduwa is also situated close to Gommolli Kanda. These two mountain peaks are visible from World's End of Horton Plains National Park on a clear day without heavy mist. Sri Lanka's highest waterfall, Bambarakanda Falls, is also situated close to Gommolli Kanda.",Ratnapura,Sabaragamuwa
Totapolakanda,6.833055556,80.81972222,https://en.wikipedia.org/wiki/Totapolakanda,Top Tourist Attraction,4.9,RS. 00,08.00 am - 05.00 pm,"Totapolakanda, is the third highest mountain in Sri Lanka situated in Nuwara Eliya district 2,357 m (7,733 ft) above mean sea level. The mountain is located within the Horton Plains National Park. A trail to the top of the mountain, about two kilometres long, starts a few metres away from the Pattipola entrance to the Horton Plains National Park. Most parts of the mountain surface is covered with shrubs adapted to the cool and windy climate of Horton Plains National Park. Strobilanthes, Osbeckia and Rhodomyrtus species grown as shrubs are common among them.",Nuwara Eliya,Central
Kokagala,7.416666667,81.20805556,https://en.wikipedia.org/wiki/Kokagala,Top Tourist Attraction,0.4,RS. 00,08.00 am - 05.00 pm,"Kokagala is an isolated mountain in the Ampara District of Sri Lanka. At a summit elevation of 687 m (2,254 ft), it is the 19th tallest mountain in Sri Lanka.",Ampara,Eastern
Mahakudagala,7.043055556,80.84444444,https://en.wikipedia.org/wiki/Mahakudagala,Top Tourist Attraction,0.1,RS. 00,08.00 am - 05.00 pm,"Mahakudagala is a mountain in the Nuwara Eliya District of Sri Lanka. It is located approximately 11 kilometres (7 mi) north east of Nuwara Eliya and with a summit elevation of 2,100 m (6,890 ft), it is the 10th tallest mountain in Sri Lanka together with One Tree Hill.",Nuwara Eliya,Central
Kataragama Peak,6.386666667,81.33583333,https://en.wikipedia.org/wiki/Kataragama_Peak,Top Tourist Attraction,3.2,RS. 00,08.00 am - 05.00 pm,"Kataragama Peak is a mountain near Kataragama, in the Monaragala District of Sri Lanka. At a summit elevation of 424 m (1,391 ft), it is the 25th tallest mountain in Sri Lanka.",Moneragala,Uva
Bible Rock,7.18833,80.4344,https://en.wikipedia.org/wiki/Bible_Rock,Top Tourist Attraction,3.8,RS. 00,08.00 am - 05.00 pm,"Bible Rock is a mountain near the town of Aranayake in Kegalle District in central Sri Lanka. It derives its name ""Bible rock"" from its resemblance to a book on a lectern.",Kegalle,Sabaragamuwa
Mihintale,8.350594,80.516945,https://en.wikipedia.org/wiki/Mihintale,Top Tourist Attraction,4.9,RS. 00,08.00 am - 05.00 pm,"Mihintale is a mountain peak near Anuradhapura in Sri Lanka. It is believed by Sri Lankans to be the site of a meeting between the Buddhist monk Mahinda and King Devanampiyatissa which inaugurated the presence of Buddhism in Sri Lanka. It is now a pilgrimage site, and the site of several religious monuments and abandoned structures.",Anuradhapura,North Central
Saptha Kanya,6.89798333,80.49999167,https://en.wikipedia.org/wiki/Saptha_Kanya,Top Tourist Attraction,4.8,RS. 00,08.00 am - 05.00 pm,"Saptha Kanya is a mountain range in Maskeliya, Sri Lanka. In Tamil it is known as Anjimalai. It is a ridge of seven peaks near the Norton Estate bordering the Sabaragamuwa Province and Central Province. The tallest peak is 1,569 m from the sea level.",Nuwara Eliya,Central
Galgiriya Mountain,7.93416667,80.38083333,https://en.wikipedia.org/wiki/Galgiriya_Mountain,Top Tourist Attraction,2.1,RS. 00,08.00 am - 05.00 pm,"Galgiriya Mountain is an isolated mountain located in Kurunegala District in Sri Lanka. The mountain is 478 metres (1,568 ft) high and it ranks as the 7th highest mountain in North Western province and the 212th highest mountain in Sri Lanka. Galgiriya Mountain is noted for its unique length about 7 km which is different from other isolated mountains or hills in the area. At present the mountain is a forest reserve as it consists of many types of valuable flora and fauna.",Kurunegala,North Western
Kirigalpoththa,6.79916667,80.76666667,https://en.wikipedia.org/wiki/Kirigalpoththa,Top Tourist Attraction,3.8,RS. 00,08.00 am - 05.00 pm,"Kirigalpoththa is the second-tallest mountain in Sri Lanka at 2,388 m (7,835 ft) above mean sea level, and is also the highest mountain in the country whose summit is accessible to the general public. The peak is situated near the city of Nuwara Eliya, within the Nuwara Eliya District. Only one seven-kilometre hiking trail provides access to the mountain's summit via the Horton Plains National Park, although the trail is not very popular.",Nuwara Eliya,Central
Dimbulagala,7.86,81.14361111,https://en.wikipedia.org/wiki/Dimbulagala,Top Tourist Attraction,4.7,RS. 00,08.00 am - 05.00 pm,"Dimbulagala also known as Gunner's Quoin or Gunner's Rock during the British colonial period, is a rock formation in the Polonnaruwa District of Sri Lanka. By the time anthropologist Charles Gabriel Seligman visited the location in 1911, a cave within the rock had become a refuge of the indigenous Vedda people. During the 12th century AD, The Sinhalese people had constructed a Buddhist monastery within the rock formation. The Dimbulagala Raja Maha Vihara monastery was restored in the 1950s. The villagers around the rock are of mixed Vedda and Sinhalese ancestry.",Polonnaruwa,North Central
Randles Hill,7.27863889,80.61808333,https://en.wikipedia.org/wiki/Randles_Hill,Top Tourist Attraction,3.2,RS. 00,08.00 am - 05.00 pm,"Randles Hill is a hill located in the suburb of Mulgampola in Kandy, Sri Lanka.",Kandy,Central
Lakegala,7.433333333,80.83333333,https://en.wikipedia.org/wiki/Lakegala,Top Tourist Attraction,5.3,RS. 00,08.00 am - 05.00 pm,Lakegala mountain is situated in Sri Lanka about 175 kilometres (109 mi) away from the capital Colombo. This mountain is situated in Meemure village.,Matale,Central
Rassagala,7.47797,81.6329,https://en.wikipedia.org/wiki/Rajagala,Top Tourist Attraction,5.2,RS. 00,08.00 am - 05.00 pm,"Rajagala (Sinhala: රජගල), commonly Rassaagala or Rajagalathenna, is a rugged and heavily forested mountain situated 1,038 feet (316 m) above sea level, in a sparsely populated part of Eastern Province, Sri Lanka which has an important archaeological value. The Rajagala archaeological site is only second to the Mihintale monastery in Anuradhapura and it spreads over 1,600 acres. It consists more than 600 prehistoric ruins, monuments and artifacts, and nearly 100 of them are ancient stupas.",Ratnapura,Sabaragamuwa
Kudahagala,6.813055556,80.78305556,https://en.wikipedia.org/wiki/Kudahagala,Top Tourist Attraction,1.5,RS. 00,08.00 am - 05.00 pm,"Kudahagala is a 2,320-metre-high (7,612 ft) mountain situated in Sri Lanka. It is the 4th tallest in the country.",Nuwara Eliya,Central
Hakgala,6.916944444,80.81388889,https://en.wikipedia.org/wiki/Hakgala,Top Tourist Attraction,5.6,RS. 00,08.00 am - 05.00 pm,"Hakgala is a mountain situated in the Nuwara Eliya district of Sri Lanka at 2,169 m (7,116 ft) above mean sea level, most parts of the mountain are covered with forest belonging to Hakgala Strict Nature Reserve. Hakgala Botanical Garden is situated on the northeastern slope of the Hakgala Mountain. The southwestern side of the mountain has a wet climate compared to the northeastern slope since the southwestern part faces directly to the southwest Monsoon.",Nuwara Eliya,Central
Kikilimana,6.985,80.74666667,https://en.wikipedia.org/wiki/Kikilimana,Top Tourist Attraction,5.1,RS. 00,08.00 am - 05.00 pm,"Kikilimana is a mountain in the Central Province of Sri Lanka. At a summit elevation of 2,240 m (7,349 ft), it is the 6th tallest mountain in Sri Lanka, after Pidurutalagala, Kirigalpotta, Totapolakanda, Kudahagala, and Adam's Peak. The peak covers an extent of 4,858.6 hectares.",Nuwara Eliya,Central
One Tree Hill,6.957777778,80.7625,https://en.wikipedia.org/wiki/One_Tree_Hill_(Sri_Lanka),Top Tourist Attraction,4.5,RS. 00,08.00 am - 05.00 pm,"One Tree Hill is a 2,100-metre-high (6,890 ft) mountain situated in the Nuwara Eliya District of Sri Lanka. It is the 10th highest mountain in Sri Lanka.",Nuwara Eliya,Central
Gongala,6.385833333,80.65388889,https://en.wikipedia.org/wiki/Gongala,Top Tourist Attraction,4.6,RS. 00,08.00 am - 05.00 pm,"Gongala is a mountain in the Ratnapura District of Sri Lanka. At a summit elevation of 1,358 m (4,455 ft). It is the 15th tallest mountain in Sri Lanka.",Ratnapura,Sabaragamuwa
Adara Kanda,6.75083333,80.77388889,https://en.wikipedia.org/wiki/Adara_Kanda,Top Tourist Attraction,0.2,RS. 00,08.00 am - 05.00 pm,"Adara Kanda, also known as Paraviyangala, and commonly known as Lovers' Peak, is a mountain in Sri Lanka. It falls within the Kalupahana mountain range. It is located approximately 5 km (3.1 mi) north east of Belihuloya in the Sabaragamuwa Province of Sri Lanka.",Ratnapura,Sabaragamuwa
Great Western Mountain,6.96666667,80.69388889,https://en.wikipedia.org/wiki/Great_Western_Mountain,Top Tourist Attraction,4.9,RS. 00,08.00 am - 05.00 pm,"Great Western Mountain is the 8th highest mountain in Sri Lanka. It is located in Nuwara Eliya District. Its trail is ranked as difficult due to its steep incline and difficult, unclear path.",Nuwara Eliya,Central
Arugam Bay Beach,6.8436,81.8266,https://en.wikipedia.org/wiki/Arugam_Bay,Surfing/Beach,4.8,RS. 0,06.00 am - 06.00 pm,Arugam Bay is a popular surfing and tourist destination situated on the Indian Ocean in the dry zone of Sri Lanka's southeast coast. It is world-renowned for its surfing points.,Ampara,Eastern
Weligama Beach,5.973,80.4286,https://en.wikipedia.org/wiki/Weligama,Surfing/Beach,4.6,RS. 0,06.00 am - 06.00 pm,"Weligama is a popular tourist destination and a haven for surfers, especially beginners, due to its sandy sweep of bay and reliable waves.",Matara,Southern
Mirissa Beach,5.9483,80.4578,https://en.wikipedia.org/wiki/Mirissa,Surfing/Beach,4.7,RS. 0,06.00 am - 06.00 pm,"Mirissa is famous for its beautiful crescent beach, surfing waves, and is also a prime location for whale and dolphin watching.",Matara,Southern
Hiriketiya Beach,5.9655,80.7027,,Surfing/Beach,4.8,RS. 0,06.00 am - 06.00 pm,"Hiriketiya is a beautiful horseshoe-shaped bay famous for surfing and relaxed beach vibes, making it a fast-growing favorite for tourists.",Matara,Southern
Hikkaduwa Beach,6.1384,80.1065,https://en.wikipedia.org/wiki/Hikkaduwa,Surfing/Beach,4.5,RS. 0,06.00 am - 06.00 pm,"Hikkaduwa is known for its strong surf, coral sanctuary, and vibrant nightlife, making it one of the most popular beach destinations in the south.",Galle,Southern
Kitulgala White Water Rafting,6.9961,80.4136,https://en.wikipedia.org/wiki/Kitulgala,Adventure,4.7,RS. 5000,08.00 am - 02.00 pm,"Kitulgala is famous for white water rafting in the Kelani River, offering an adrenaline-filled adventure through the rainforest.",Kegalle,Sabaragamuwa
Sandun Ella Abseiling,7,80.4166,,Adventure/Climbing,4.8,RS. 6000,08.00 am - 03.00 pm,"Waterfall abseiling at Sandun Ella is an exciting adventure activity located near Kitulgala, giving you the chance to rappel down a stunning waterfall.",Kegalle,Sabaragamuwa
Pidurangala Rock,7.9656,80.7629,https://en.wikipedia.org/wiki/Pidurangala_Vihara,Climbing/Adventure,4.8,RS. 1000,05.00 am - 06.00 pm,"Pidurangala is a massive rock formation situated opposite Sigiriya, offering great hiking, climbing, and breathtaking 360-degree panoramic views.",Matale,Central
Flying Ravana Mega Zipline,6.8744,80.0519,,Adventure,4.8,RS. 8000,09.00 am - 05.00 pm,"Sri Lanka’s first ever mega dual zip-line, located amidst the lush green estates of Ella, offering a thrilling bird's-eye view of the beautiful hills.",Badulla,Uva
Knuckles Mountain Range,7.4042,80.778,https://en.wikipedia.org/wiki/Knuckles_Mountain_Range,Climbing/Adventure,4.8,RS. 1000,06.00 am - 06.00 pm,"The Knuckles Mountain Range is famous for its stunning hiking and trekking trails, deep forests, and unique biodiversity.",Kandy,Central
Ella Rock,6.8622,80.0544,,Climbing/Adventure,4.7,RS. 0,06.00 am - 02.00 pm,Ella Rock is a famous cliff in Ella offering a challenging yet highly rewarding hike with spectacular views of the hill country.,Badulla,Uva
Little Adam's Peak,6.8711,80.0631,,Climbing/Adventure,4.8,RS. 0,06.00 am - 06.00 pm,"A relatively easy hike compared to Ella Rock, offering stunning panoramic views of the Ella gap and surrounding tea plantations.",Badulla,Uva
Bentota Parasailing & Water Sports,6.4285,79.9996,https://en.wikipedia.org/wiki/Bentota,Adventure/Water Sports,4.6,RS. 4000,08.00 am - 05.00 pm,"Bentota is the water sports capital of Sri Lanka, offering thrilling activities like parasailing, jet skiing, and windsurfing.",Galle,Southern
Kosgoda Sea Turtle Conservation Project,6.3096,80.024,,Wildlife/Turtle Protection,4.5,RS. 1500,08.00 am - 05.00 pm,A popular turtle hatchery where you can see various species of sea turtles and learn about conservation efforts to protect them.,Galle,Southern
Rekawa Turtle Watch,6.0463,80.8497,,Wildlife/Turtle Protection,4.7,RS. 2000,08.00 pm - 11.00 pm,Rekawa beach is one of the most important sea turtle nesting sites in Sri Lanka. Visitors can observe turtles laying eggs at night.,Hambantota,Southern
Dambulla Hot Air Ballooning,7.8646,80.6521,,Adventure/Air Balloon,4.9,RS. 35000,05.00 am - 09.00 am,Experience the breathtaking landscapes of the Cultural Triangle from above with a sunrise hot air balloon flight.,Matale,Central
Kalpitiya Dolphin & Whale Watching,8.2323,79.7621,https://en.wikipedia.org/wiki/Kalpitiya,Wildlife/Whale Watching,4.6,RS. 6000,06.00 am - 12.00 pm,"Kalpitiya is famous for large pods of spinner dolphins and occasional whale sightings, making it a top wildlife destination.",Puttalam,North Western
Trincomalee Whale Watching,8.5711,81.2333,,Wildlife/Whale Watching,4.7,RS. 7000,06.00 am - 01.00 pm,"Trincomalee is one of the best places in the world to see Blue Whales and Sperm Whales, especially between May and October.",Trincomalee,Eastern
Mirissa Whale Watching,5.9483,80.4578,,Wildlife/Whale Watching,4.8,RS. 8000,06.00 am - 12.00 pm,"Mirissa is the most popular starting point for whale watching in Sri Lanka. It's an incredible spot to see blue whales, sperm whales, and dolphins.",Matara,Southern
Meemure Camping & Adventure,7.4333,80.85,https://en.wikipedia.org/wiki/Meemure,Camping/Adventure,4.8,RS. 5000,24 Hours,"Meemure is an isolated village deep in the Knuckles range, offering rustic camping, river bathing, and pristine nature.",Kandy,Central
Riverston Peak & Camping,7.5284,80.738,https://en.wikipedia.org/wiki/Riverston_Peak,Camping/Hiking,4.8,RS. 500,06.00 am - 06.00 pm,"A spectacular windy peak in the Knuckles mountain range, ideal for hiking, sightseeing, and overnight camping.",Matale,Central
Makaldeniya Paragliding,6.7865,80.0571,,Adventure/Paragliding,4.7,RS. 15000,08.00 am - 02.00 pm,Enjoy the thrill of paragliding over the stunning valleys and tea estates of Sri Lanka's hill country.,Badulla,Uva
Nine Arches Bridge,6.8767,80.0636,"https://en.wikipedia.org/wiki/Nine_Arches_Bridge,_Ella",Top Tourist Attraction,4.8,RS. 0,06.00 am - 06.00 pm,"The Nine Arches Bridge in Ella is one of the most iconic and photographed colonial-era railway bridges in the world, hidden among lush jungle and tea fields.",Badulla,Uva
Galle Fort,6.0258,80.2175,https://en.wikipedia.org/wiki/Galle_Fort,Top Tourist Attraction,4.8,RS. 0,06.00 am - 08.00 pm,"A historic colonial fort built by the Portuguese and fortified by the Dutch, now a UNESCO World Heritage site packed with boutique shops, cafes, and history.",Galle,Southern
Colombo Lotus Tower,6.9272,79.8587,https://en.wikipedia.org/wiki/Lotus_Tower,Top Tourist Attraction,4.4,RS. 500,09.00 am - 10.00 pm,"The Lotus Tower is the tallest self-supported structure in South Asia, offering a panoramic observation deck, restaurants, and shopping.",Colombo,Western
